-- Tbl_IL Tablosu Örnek Giriþ
INSERT INTO Tbl_IL ( Il_Adi) VALUES
						('ADANA'),
						('ADIYAMAN'),
						('AFYON'),
						('AÐRI'),
						('AMASYA'),
						('ANKARA'),
						('ANTALYA'),
						('ARTVÝN'),
						('AYDIN'),
						('BALIKESÝR'),
						('BÝLECÝK'),
						('BÝNGÖL'),
						('BÝTLÝS'),
						('BOLU'),
						('BURDUR'),
						('BURSA'),
						('ÇANAKKALE'),
						('ÇANKIRI'),
						('ÇORUM'),
						('DENÝZLÝ'),
						('DÝYARBAKIR'),
						('EDÝRNE'),
						('ELAZIÐ'),
						('ERZÝNCAN'),
						('ERZURUM'),
						('ESKÝÞEHÝR'),
						('GAZÝANTEP'),
						('GÝRESUN'),
						('GÜMÜÞHANE'),
						('HAKKARÝ'),
						('HATAY'),
						('ISPARTA'),
						('ÝÇEL'),
						('ÝSTANBUL'),
						('ÝZMÝR'),
						('KARS'),
						('KASTAMONU'),
						('KAYSERÝ'),
						('KIRKLARELÝ'),
						('KIRÞEHÝR'),
						('KOCAELÝ'),
						('KONYA'),
						('KÜTAHYA'),
						('MALATYA'),
						('MANÝSA'),
						('KAHRAMANMARAÞ'),
						('MARDÝN'),
						('MUÐLA'),
						('MUÞ'),
						('NEVÞEHÝR'),
						('NÝÐDE'),
						('ORDU'),
						('RÝZE'),
						('SAKARYA'),
						('SAMSUN'),
						('SÝÝRT'),
						('SÝNOP'),
						('SÝVAS'),
						('TEKÝRDAÐ'),
						('TOKAT'),
						('TRABZON'),
						('TUNCELÝ'),
						('ÞANLIURFA'),
						('UÞAK'),
						('VAN'),
						('YOZGAT'),
						('ZONGULDAK'),
						('AKSARAY'),
						('BAYBURT'),
						('KARAMAN'),
						('KIRIKKALE'),
						('BATMAN'),
						('ÞIRNAK'),
						('BARTIN'),
						('ARDAHAN'),
						('IÐDIR'),
						('YALOVA'),
						('KARABÜK'),
						('KÝLÝS'),
						('OSMANÝYE'),
						('DÜZCE')

-- Tbl_Ilce Tablosu Örnek Giriþ
INSERT INTO Tbl_Ilce ( Ilce_Adi,Il_kodu) VALUES
							('ADALAR',34),
							('ARNAVUTKÖY',34),
							('ATAÞEHÝR',34),
							('AVCILAR',34),
							('BAÐCILAR',34),
							('BAHÇELÝEVLER',34),
							('BAKIRKÖY',34),
							('BAÞAKÞEHÝR',34),
							('BAYRAMPAÞA',34),
							('BEÞÝKTAÞ',34),
							('BEYKOZ',34),
							('BEYLÝKDÜZÜ',34),
							('BEYOÐLU',34),
							('BÜYÜKÇEKMECE',34),
							('ÇATALCA',34),
							('ÇEKMEKÖY',34),
							('ESENLER',34),
							('ESENYURT',34),
							('EYÜPSULTAN',34),
							('FATÝH',34),
							('GAZÝOSMANPAÞA',34),
							('GÜNGÖREN',34),
							('KADIKÖY',34),
							('KAÐITHANE',34),
							('KARTAL',34),
							('KÜÇÜKÇEKMECE',34),
							('MALTEPE',34),
							('PENDÝK',34),
							('SANCAKTEPE',34),
							('SARIYER',34),
							('SÝLÝVRÝ',34),
							('SULTANBEYLÝ',34),
							('SULTANGAZÝ',34),
							('ÞÝLE',34),
							('ÞÝÞLÝ',34),
							('TUZLA',34),
							('ÜMRANÝYE',34),
							('ÜSKÜDAR',34),
							('ZEYTÝNBURNU',34),
							('YALOVA(MERKEZ)',77),
							('ALTINOVA',77),
							('ARMUTLU',77),
							('ÇINARCIK',77),
							('ÇÝFTLÝKKÖY',77),
							('TERMAL',77)

-- Tbl_Mahalle Tablosu Örnek Giriþ
INSERT INTO Tbl_Mahalle ( Mahalle_adi, Ilce_kodu) VALUES
							('Dikilitaþ',10),
							('Bozkurt',35),
							('Mimar Sinan',36),
							('Yeþilbaðlar',28),
							('Levazým', 10),
                            ('Zafer',6),
							('Cihangir',4),
							('Bahçeþehir 2.kýsým',8),
							('Güzelyalý',28),
							('Paþamandýra',11),
							('Mimar Sinan',36),
						    
							('Barbaros',3), --x2
							('Orta',25),
							('Ýçerenköy',3),
							('Demirkapý',5),
							('Bahçeþehir 2.kýsým',8),
							('Ýnönü',3),
							('Ayazaða',30),
							('Esentepe',35),
							('Zafer',18),
				
							('kurtköy',28),
							('Çiftlik',11),
							('Kavacýk',11),
							('Kocasinan Merkez',6),
							('Parseller',37),
							('Celaliye',14),
							('Baklalý',2),
							('Küçükbakkalköy',3),
							('Altýnþehir',37),
							('Ýnceðiz',15),
							('ADNAN MENDERES ',40),
							('BAÐLARBAÞI',40),
							('BAHÇELÝEVLER',40),
							('ALTINKENT ',41),
							('CUMHURÝYET ',41),
							('DENÝZGÖREN ',41),
							('50. YIL ',42),
							('BAYIR ',42),
							('KARÞIYAKA ',42),
							('ALÝYE HANIM ',43),
							('ATAKENT ',43),
							('CUMHURÝYET ',43),
							('500 EVLER',44),
							('ÇÝFTLÝK',44),
							('MEHMET AKÝF ERSOY',44),
							('GÖKÇEDERE',45),
							('ÜVEZPINAR ',45)
-- Tbl_Sokak Tablosu Örnek Giriþ
INSERT INTO Tbl_Sokak (Sokak_adi, Mahalle_kodu ) VALUES
							('Yenidoðan', 1),
							('Dericiler',2),
							('Yazgülü',5),
							('Çam',6),
							('Kemalettintuðcu',8),
							('Þebboy',12),
							('Umut',14),
							 ('Sümbül',12),
							 ('Mimar sinan',17),
							 ('Keskin Kalem',18),
							 ('Umuralp',25),
						 ('Beyazýt',31),
						 ('Arzu',32),
						 ('Evliya Çelebi',33),
						 ('118',34),
						 ('45',35),
						 ('78',36),
						 ('kecýkaya',37),
						 ('Dilek',38),
						 ('kalem',39),
						 ('Asmalý',40),
						 ('25',41),
						 ('Ümit',42),
						 ('35',43),
						 ('atçý',44),
						 ('çýkmaz',45),
						 ('Göl',46),
						 ('Beyaz',47)

-- Tbl_Cadde Tablosu Örnek Giriþ
INSERT INTO Tbl_Cadde (Cadde_adi, Mahalle_kodu) VALUES
							('23 Nisan',3),
							 ('d100 güney yanyol',4),
							 ('Osmanpaþa',7),
							 ('Ýstasyon',9),
							 ('Paþa Mandýra',10),
							 ('Haramidere Kavþaðý',19),
							 ('Soðanlýk D-100 Kuzey',13),
							 ('Velioðlu',15),
							 ('Ahmet Taner Kýþlalý',8),
							 ('Kayýþdaðý',16),
							 ('Gazi',20),
							 ('Çavulbaþý Cumhuriyet',21),
							 ('Kavacýk Kavþaðý',22),
							 ('Mahmutbey',23),
							 ('Orhan Gazi',24),
							 ('Tayakadýn Yassýören',26),
							 ('Yenidoðan',27),
							 ('Þenel',28),
							 ('Baðlar',29),
							 ('Rahmi Yüksel',31),
							 ('Ferhatbey',32),
							 ('Fatih',33),
							 ('17 Aðustos',34),
							 ('zeytinlik',35),
							 ('Cumhuriyet',36),
							 ('kaplýca',37),
							 ('Yýlandar',38),
							 ('zafer',39),
							 ('Yalova Armutlu yolu',40),
							 ('Ýnönü',41),
							 ('Metin aslan',42),
							 ('Atlý',43),
							 ('Ahmet hamdi',44),
							 ('Behçet',45),
							 ('Ali Haydar',46),
							 ('yüksel',47)

-- Tbl_Adres Tablosu Örnek Giriþ
INSERT INTO Tbl_Adres (A_Aciklama, IcKapiNo, DisKapiNo, il_kodu, ilce_kodu, Mahalle_kodu, Cadde_kodu, Sokak_kodu ) VALUES
(' Ataþehir Dikilitaþ mah','3','5',34,10,1,NULL,1),
						 (' Þiþli Bozkurt mah','2','4',34,35,2,NULL,2),
						 (' Tuzla Mimarsinan mah','1','8',34,10,3,NULL,3),
						 ('Pendik Yeþilbaðlar mah','8','18',34,28,4,2,NULL),
						 ('Bahçelievler zafer','5','8',34,6,6,NULL,4),
						 ('Kaðýthane orta mah','11','28',34,25,13,7,NULL),
						 ('Baðcýlar Demirkapý mah','2','1',34,5,15,8,NULL),
						 ('Pendik Kurtköy mah','8','6',34,28,20,11,NULL),
						 ('Büyükçekmece Celaliye','5','7',34,14,25,NULL,11),
						 ('Ataþehir Küçükbakkalköy mah','1','10',34,3,27,17,NULL),
						('Merkez Adnan Menderes mah Rahmi yüksel cad',5,3,77,40,31,20,NULL),
						('Merkez Adnan Menderes mah Beyazýt sok',1,55,77,40,31,NULL,12),
						('Merkez Baglarbasý mah  Ferhatbey cad',5,3,77,40,32,21,NULL),
						('Merkez Baglarbasý mah  Arzu sok',2,25,77,40,32,NULL,13),
						('Merkez Bahçelievler mah  Fatih cad',5,3,77,40,33,22,NULL),
						('Merkez Bahçelievler mah Evliya Çelebi sok',8,13,77,40,33,NULL,14),
						('Altýnova Altýnkent mah 17 Aðustos cad',5,3,77,41,34,23,NULL),
						('Altýnova Cumhuriyet mah 118 sok',5,11,77,41,34,NULL,15),
						('Altýnova Cumhuriyet mah zeytinlik cad',5,3,77,41,35,24,NULL),
						('Altýnova Cumhuriyet mah 45 sok',5,18,77,41,35,NULL,16),
						('Altýnova Denizgören mah Cumhuriyet cad',5,3,77,41,36,25,NULL),
						('Altýnova Denizgören mah  78 sok',3,14,77,41,36,NULL,17),
						('Armutlu 50.yýl mah kaplýca cad',5,3,77,42,37,26,NULL),
						('Armutlu 50.yýl mah kecýkaya sok ',3,14,77,42,37,NULL,18),
						('Armutlu Bayýr mah Yýlandar cad',5,3,77,42,38,26,NULL),
						('Armutlu Bayýr mah Dilek sok',3,14,77,42,38,NULL,19),
						('Armutlu Karsýyaka zafer cad',5,3,77,42,39,27,NULL),
						('Armutlu Karsýyaka ruzgarlý mah kalem sok',3,14,77,42,39,NULL,20),
						('Çýnarcýk Aliye Haným mah Yalova Armutlu yolu cad',5,3,77,43,40,28,NULL),
						('Çýnarcýk Aliye Haným mah Asmalý sok',3,14,77,43,40,NULL,21),
						('Çýnarcýk Atakent mah Ýnönü cad',5,3,77,43,41,29,NULL),
						('Çýnarcýk Atakent mah 25 sok',3,14,77,43,41,NULL,22),
						('Çýnarcýk Cumhurýyet mah Metin aslan cad',5,3,77,43,42,30,NULL),
						('Çýnarcýk Cumhurýyet mah Ümit sok',3,14,77,43,42,NULL,23),
						('Çiftlikköy 500 Evler mah Atlý cad',5,3,77,44,43,31,NULL),
						('Çiftlikköy 500 Evler mah 35 sok',3,14,77,44,43,NULL,24),
						('Çiftlikköy Çiftlik mah Ahmet hamdi cad',5,3,77,44,44,32,NULL),
						('Çiftlikköy Çiftlik mah atçý sok',3,14,77,44,44,NULL,25),
						('Çiftlikköy Mehmet Akif Ersoy mah Behçet cad',5,3,77,44,45,33,NULL),
						('Çiftlikköy Mehmet Akif Ersoy mah çýkmaz sok ',3,14,77,44,45,NULL,26),
						('Termal Gökçedere mah Ali Haydar cad',5,3,77,45,46,34,NULL),
						('Termal Gökçedere mah Göl sok',3,14,77,45,46,NULL,27),
						('Termal Üvezpýnar mah yüksel cad',5,3,77,45,47,35,NULL),
						('Termal Üvezpýnar mah Beyaz sok',3,14,77,45,47,NULL,28)

-- Tbl_Musteri Tablosu
INSERT INTO Tbl_Musteri ( Musteri_Adi, Musteri_Soyadi, Musteri_Mail, Musteri_Parola, Musteri_Telefon, Musteri_Durum) VALUES
('Ahmet', 'Yýlmaz', 'ahmet.yilmaz@example.com', 'ahmet123', '5551234567', 1),
('Ayþe', 'Demir', 'ayse.demir@example.com', 'ayse456', '5559876543', 0),
('Mehmet', 'Kaya', 'mehmet.kaya@example.com', 'mehmet789', '5552223334', 1),
('Fatma', 'Öztürk', 'fatma.ozturk@example.com', 'fatma567', '5558889990', 0),
('Ali', 'Þahin', 'ali.sahin@example.com', 'ali1234', '5557776665', 1),
('Zeynep', 'Aktaþ', 'zeynep.aktas@example.com', 'zeynep5678', '5554445556', 0),
('Mustafa', 'Can', 'mustafa.can@example.com', 'mustafa123', '5553332227', 1),
('Selin', 'Koç', 'selin.koc@example.com', 'selin456', '5556667778', 0),
('Emre', 'Aydýn', 'emre.aydin@example.com', 'emre789', '5555554449', 1),
('Gizem', 'Yýldýz', 'gizem.yildiz@example.com', 'gizem567', '5559998881', 0),
('Burak', 'Kara', 'burak.kara@example.com', 'burak1234', '5552223332', 1),
('Ceren', 'Çelik', 'ceren.celik@example.com', 'ceren5678', '5557776663', 0),
('Eren', 'Demirci', 'eren.demirci@example.com', 'eren123', '5554445554', 1),
('Merve', 'Güler', 'merve.guler@example.com', 'merve456', '5553332225', 0),
('Tolga', 'Yaman', 'tolga.yaman@example.com', 'tolga789', '5556667776', 1),
('Seda', 'Acar', 'seda.acar@example.com', 'seda5678', '5555554447', 0),
('Cem', 'Kýlýç', 'cem.kilic@example.com', 'cem1234', '5559998888', 1),
('Nazlý', 'Aydýn', 'nazli.aydin@example.com', 'nazli567', '5552223339', 0),
('Ege', 'Kaya', 'ege.kaya@example.com', 'ege123', '5557776660', 1),
('Buse', 'Yýldýrým', 'buse.yildirim@example.com', 'buse5678', '5551112220', 0);

-- Tbl_Musteri_Adres Tablosu Örnek Giriþ
INSERT INTO Tbl_Musteri_Adres ( Musteri_ID, Adres_ID, Varsayilan_adres) VALUES
(1, 1, 1),
(1, 2, 0),
(2, 3, 1),
(2, 4, 0),
(3, 5, 0),
(3, 6, 1),
(4, 7, 0),
(4, 8, 1),
(5, 9, 1),
(5, 10, 0),
(6, 11, 1),
(6, 12, 0),
(7, 13, 1),
(7, 14, 0),
(8, 15, 1),
(8, 16, 0),
(9, 17, 1),
(9, 18, 0),
(10, 19, 1),
(10, 20, 0),
(11, 21, 1),
(11, 22, 1),
(12, 23, 1),
(12, 24, 0),
(13, 25, 1),
(13, 26, 0),
(14, 27, 1),
(14, 28, 0),
(15, 29, 1),
(15, 30, 0),
(16, 31, 1),
(16, 32, 0),
(17, 33, 1),
(17, 34, 0),
(17, 35, 0),
(18, 36, 1),
(19, 37, 0),
(19, 38, 1),
(20, 39, 0),
(20, 40, 1),
(1, 41, 0),
(1, 42, 0),
(2, 43, 0),
(2, 44, 0),
(3, 41, 0),
(3, 42, 0),
(4, 43, 0),
(4, 44, 0),
(5, 41, 0),
(5, 42, 0);

-- Tbl_Odeme_Tipleri Tablosu Örnek Giriþ
INSERT INTO Tbl_Odeme_Tipleri ( Odeme_Tip_Adi) VALUES
('Nakit'),
('Online Kredi Kartý'),
('Yemek Kartý'),
('Kapýda Kredi Kartý'),
('Kupon');


-- Tbl_Restoran Tablosu Örnek Giriþ
INSERT INTO Tbl_Restoran ( Adres_ID, Restoran_Adi, R_Durum, R_Telefon, R_Mail, R_Favori) VALUES
( 1, 'Sushi House Uzak Doðu', 1, '5551234567', 'info@Sushi.com', 0),
( 2, 'China Town', 1, '5558889990', 'info@chinatown.com', 1),
( 3, 'Börülce Yemek Evi', 1, '5559876543', 'info@borulce.com', 0),
( 4, 'Akdeniz restoran', 1, '5552223334', 'info@akdeniz.com', 0);


-- Tbl_Urun_Kategorisi Tablosu Örnek Giriþ
INSERT INTO Tbl_Urun_Kategorisi ( Urun_Kategorisi_Adi) VALUES
( 'Çorba'),
('Salata'),
('Makarna'),
('Et Yemekleri'),
('Sebze Yemekleri'),
('Deniz Ürünleri'),
('Tatlý'),
('Kahvaltýlýk'),
('Fast Food'),
( 'Kebap'),
( 'Meze'),
( 'Sos'),
( 'Pizza'),
('Menuler'),
('Aparatifler'),
('Noodle'),
('Pilavlar'),
('Ýçecekler');

-- Tbl_Menu_Urun Tablosu Örnek Giriþ
INSERT INTO Tbl_Menu_Urun ( Restoran_ID, Urun_Kategorisi_ID, Fiyat, Urun_Adi, R_Favorisi, Hazirlanma_Suresi) VALUES

( 1,14, 400, 'Sushi Sets', 1, '00:35:00'),
( 1,14 ,200 , 'Combo Menü', 0, '00:40:00'),

( 1,1 ,75 , 'Karides Çorbasý', 0, '00:10:00'),
( 1,1 ,70 , 'Miso Soup', 0, '00:10:00'),
( 1,1 , 65, 'Ramen Çorba', 1, '00:10:00'),

( 1,15 , 130, 'Çýtýr Karides', 1, '00:10:00'),
( 1,15 ,70 , 'Çin Böreði', 0, '00:10:00'),
( 1,15 , 62, 'Edamame', 0, '00:15:00'),

( 1,16 , 90, 'Tavuk Etli Noodle', 0, '00:15:00'),
( 1,16 , 100, 'Dana Etli Noodle', 1, '00:15:00'),
( 1,16 , 85, ' Sebzeli Noodle', 0, '00:10:00'),

( 1,17 ,85, 'Bangkok Pilav ', 0, '00:10:00'),
( 1,17 ,	100, ' Yakimeshi pilav', 0, '00:10:00'),
( 1,17 , 95, ' Deniz Mahsullu Pilav', 1, '00:10:00'),

( 1,2 , 70, ' Chinese Salata', 1, '00:35:00'),
( 1,2 , 130, 'Deniz Mahsullü salata ', 0, '00:30:00'),
( 1,2 , 100, ' Kani Salata', 0, '00:25:00'),

( 1,18 , 20, ' kola ', 0, '00:01:00'),
( 1,18 , 15, '  soda', 0, '00:01:00'),
( 1,18 , 10, '  su', 0, '00:01:00'),

--ikinci Restoran

( 2,1 ,75 , 'Karides Çorbasý', 0, '00:10:00'),
( 2,1 ,70 , 'Miso Soup', 0, '00:10:00'),
( 2,1 , 65, 'Ramen Çorba', 1, '00:10:00'),

( 2,15 , 130, 'Çýtýr Karides', 1, '00:10:00'),
( 2,15 ,70 , 'Çin Böreði', 0, '00:10:00'),
( 2,15 , 62, 'Edamame', 0, '00:15:00'),

( 2,16 , 90, 'Tavuk Etli Noodle', 1, '00:15:00'),
( 2,16 , 100, 'Dana Etli Noodle', 0, '00:15:00'),
( 2,16 , 85, ' Sebzeli Noodle', 0, '00:10:00'),

( 2,17 ,85, 'Bangkok Pilav ', 0, '00:10:00'),
( 2,17 ,	100, ' Yakimeshi pilav', 1, '00:10:00'),
( 2,17 , 95, ' Deniz Mahsullu Pilav', 0, '00:10:00'),

( 2,2 , 70, ' Chinese Salata', 0, '00:35:00'),
( 2,2 , 130, 'Deniz Mahsullü salata ', 0, '00:30:00'),
( 2,2 , 100, ' Kani Salata', 1, '00:25:00'),

( 2,18 , 20, ' kola ', 0, '00:01:00'),
( 2,18 , 15, '  soda', 0, '00:01:00'),
( 2,18 , 10, '  su', 0, '00:01:00'),

--ucuncu restoran

( 3,1 , 30, ' Mercimek Çorbasý ', 0, '00:01:00'),
( 3,1, 35, '  Tarhana Çorbasý', 1, '00:01:00'),
( 3,1 , 30, 'Yayla Çorbasý', 0, '00:01:00'),

( 3,5 , 50, ' Taze Fasulye ', 0, '00:10:00'),
( 3,5, 45, ' Patlýcan Yemeði', 1, '00:10:00'),
( 3,5 , 40, 'Semiz Otu', 0, '00:10:00'),

( 3,2 , 30, ' Akdeniz Salatasý ', 0, '00:10:00'),
( 3,2, 30, ' Çoban salata', 1, '00:10:00'),
( 3,2 , 30, 'Börülce salatasý', 0, '00:10:00'),

( 3,18 , 20, ' kola ', 0, '00:01:00'),
( 3,18 , 15, '  soda', 0, '00:01:00'),
( 3,18 , 10, '  su', 0, '00:01:00'),

--dorduncu restoran
( 4,14 , 100, ' Sebze Menü ', 0, '00:01:00'),

( 4,1 , 30, ' Mercimek Çorbasý ', 0, '00:01:00'),
( 4,1, 35, '  Tarhana Çorbasý', 1, '00:01:00'),
( 4,1 , 30, 'Yayla Çorbasý', 0, '00:01:00'),

( 4,5 , 50, ' Taze Fasulye ', 0, '00:10:00'),
( 4,5, 45, ' Patlýcan Yemeði', 1, '00:10:00'),
( 4,5 , 40, 'Semiz Otu', 0, '00:10:00'),

( 4,2 , 30, ' Akdeniz Salatasý ', 0, '00:10:00'),
( 4,2, 30, ' Çoban salata', 1, '00:10:00'),
( 4,2 , 30, 'Börülce salatasý', 0, '00:10:00'),

( 4,18 , 20, ' kola ', 0, '00:01:00'),
( 4,18 , 15, '  soda', 0, '00:01:00'),
( 4,18 , 10, '  su', 0, '00:01:00');


-- Tbl_Menu_Icerik Tablosu Örnek Giriþ
INSERT INTO Tbl_Menu_Icerik ( Menu_Urun_ID, Menu_Menu_Urun_ID, Sira_Numarasi) VALUES
(2,3,1),
(2,7,2),
(2,10,3),
(2,15,4);

-- Tbl_Siparis Tablosu Örnek Giriþ 
INSERT INTO Tbl_Siparis ( Musteri_ID, Adres_ID, Odeme_Tip_ID, Restoran_ID, Sip_Tarih_Saat, Sip_Teslim_Zamani, SIp_Lezzet_Puani, SIp_Hiz_Puani, SIp_Servis_Puani, SIp_Yorum, Sip_Durumu, Sip_Tutari) VALUES
(1, 1, 1, 1, '2023-05-19 12:30:00', '2023-05-19 13:15:00', 4, 5, 4, 'Harika bir deneyim!', 'Tamamlandý', 50.00),
(2, 2, 2, 2, '2023-05-19 19:45:00', '2023-05-19 20:30:00', 3, 3, 3, 'Sipariþ biraz gecikti.', 'Tamamlandý', 65.00),
(3, 1, 1, 1, '2023-05-19 13:00:00', '2023-05-19 13:30:00', 5, 4, 5, 'Çok lezzetliydi!', 'Tamamlandý', 45.00),
(4, 3, 3, 3, '2023-05-19 21:00:00', '2023-05-19 21:45:00', 2, 3, 4, 'Servis biraz yavaþtý.', 'Tamamlandý', 55.00),
(5, 2, 1, 2, '2023-05-19 18:30:00', '2023-05-19 19:15:00', 4, 5, 5, 'Her zamanki gibi harika!', 'Tamamlandý', 70.00),
(6, 4, 2, 4, '2023-05-19 15:45:00', '2023-05-19 16:30:00', 5, 5, 5, 'Hýzlý teslimat, teþekkürler!', 'Tamamlandý', 40.00),
(7, 3, 1, 3, '2023-05-19 21:30:00', '2023-05-19 22:15:00', 3, 4, 3, 'Biraz daha sýcak olabilirdi.', 'Tamamlandý', 60.00),
(8, 2, 2, 2, '2023-05-19 17:15:00', '2023-05-19 18:00:00', 4, 4, 4, 'Fiyat performans dengesi iyi.', 'Tamamlandý', 55.00),
(9, 1, 3, 1, '2023-05-19 13:30:00', '2023-05-19 14:00:00', 5, 5, 5, 'Mükemmel servis!', 'Tamamlandý', 48.00),
(10, 4, 1, 4, '2023-05-19 16:00:00', '2023-05-19 16:45:00', 4, 3, 4, 'Lezzetliydi, teþekkürler.', 'Tamamlandý', 42.00),
(11, 3, 2, 3, '2023-05-19 22:30:00', '2023-05-19 23:15:00', 3, 3, 3, 'Sýradan bir deneyim.', 'Tamamlandý', 38.00),
(12, 2, 3, 2, '2023-05-19 18:00:00', '2023-05-19 18:45:00', 4, 5, 5, 'Her þey harikaydý!', 'Tamamlandý', 65.00),
(13, 1, 1, 1, '2023-05-19 14:00:00', '2023-05-19 14:30:00', 5, 5, 5, 'Muhteþem lezzet!', 'Tamamlandý', 55.00),
(14, 4, 2, 4, '2023-05-19 17:45:00', '2023-05-19 18:30:00', 3, 4, 3, 'Biraz daha hýzlý olabilirdi.', 'Tamamlandý', 47.00),
(15, 3, 1, 3, '2023-05-19 23:30:00', '2023-05-20 00:15:00', 4, 4, 4, 'Güzel bir deneyimdi.', 'Tamamlandý', 52.00),
(16, 2, 2, 2, '2023-05-19 19:00:00', '2023-05-19 19:45:00', 5, 5, 5, 'Harika hizmet!', 'Tamamlandý', 60.00),
(17, 1, 3, 1, '2023-05-19 14:30:00', '2023-05-19 15:00:00', 3, 3, 3, 'Ortalama bir deneyim.', 'Tamamlandý', 35.00),
(18, 4, 1, 4, '2023-05-19 17:00:00', '2023-05-19 17:45:00', 4, 5, 4, 'Tadý çok güzeldi!', 'Tamamlandý', 49.00),
(19, 3, 2, 3, '2023-05-19 23:00:00', '2023-05-19 23:45:00', 5, 4, 5, 'Servis mükemmeldi!', 'Tamamlandý', 70.00),
(20, 2, 3, 2, '2023-05-19 19:30:00', '2023-05-19 20:15:00', 4, 3, 4, 'Lezzetli bir seçim!', 'Tamamlandý', 43.00),
(1, 1, 1, 1, '2022-05-19 12:30:00', '2022-05-19 13:15:00', 4, 1, 4, 'Harika bir deneyim!', 'Tamamlandý', 50.00),
(2, 2, 2, 2, '2022-05-19 19:45:00', '2022-05-19 20:30:00', 3, 1, 3, 'Sipariþ biraz gecikti.', 'Tamamlandý', 65.00),
(3, 1, 1, 1, '2022-05-19 13:00:00', '2022-05-19 13:30:00', 5, 2, 5, 'Çok lezzetliydi!', 'Tamamlandý', 45.00),
(4, 3, 3, 3, '2022-05-19 21:00:00', '2022-05-19 21:45:00', 2, 1, 4, 'Servis biraz yavaþtý.', 'Tamamlandý', 55.00),
(5, 2, 1, 2, '2022-05-19 18:30:00', '2022-05-19 19:15:00', 4, 2, 5, 'Her zamanki gibi harika!', 'Tamamlandý', 70.00),
(6, 4, 2, 4, '2022-05-19 15:45:00', '2022-05-19 16:30:00', 5, 2, 5, 'Hýzlý teslimat, teþekkürler!', 'Tamamlandý', 40.00),
(7, 3, 1, 3, '2022-05-19 21:30:00', '2022-05-19 22:15:00', 3, 2, 3, 'Biraz daha sýcak olabilirdi.', 'Tamamlandý', 60.00),
(8, 2, 2, 2, '2022-05-19 17:15:00', '2022-05-19 18:00:00', 4, 2, 4, 'Fiyat performans dengesi iyi.', 'Tamamlandý', 55.00),
(9, 1, 3, 1, '2022-05-19 13:30:00', '2022-05-19 14:00:00', 5, 2, 5, 'Mükemmel servis!', 'Tamamlandý', 48.00),
(10, 4, 1, 4, '2022-05-19 16:00:00', '2022-05-19 16:45:00', 4, 1, 4, 'Lezzetliydi, teþekkürler.', 'Tamamlandý', 42.00),
(11, 3, 2, 3, '2022-05-19 22:30:00', '2022-05-19 23:15:00', 3, 1, 3, 'Sýradan bir deneyim.', 'Tamamlandý', 38.00),
(12, 2, 3, 2, '2022-05-19 18:00:00', '2022-05-19 18:45:00', 4, 2, 5, 'Her þey harikaydý!', 'Tamamlandý', 65.00),
(13, 1, 1, 1, '2022-05-19 14:00:00', '2022-05-19 14:30:00', 5, 2, 5, 'Muhteþem lezzet!', 'Tamamlandý', 55.00),
(14, 4, 2, 4, '2022-05-19 17:45:00', '2022-05-19 18:30:00', 3, 2, 3, 'Biraz daha hýzlý olabilirdi.', 'Tamamlandý', 47.00),
(15, 3, 1, 3, '2022-05-19 23:30:00', '2022-05-20 00:15:00', 4, 2, 4, 'Güzel bir deneyimdi.', 'Tamamlandý', 52.00),
(16, 2, 2, 2, '2022-05-19 19:00:00', '2022-05-19 19:45:00', 5, 2, 5, 'Harika hizmet!', 'Tamamlandý', 60.00),
(17, 1, 3, 1, '2022-05-19 14:30:00', '2022-05-19 15:00:00', 3, 1, 3, 'Ortalama bir deneyim.', 'Tamamlandý', 35.00),
(18, 4, 1, 4, '2022-05-19 17:00:00', '2022-05-19 17:45:00', 4, 2, 4, 'Tadý çok güzeldi!', 'Tamamlandý', 49.00),
(19, 3, 2, 3, '2022-05-19 23:00:00', '2022-05-19 23:45:00', 5, 2, 5, 'Servis mükemmeldi!', 'Tamamlandý', 70.00),
(20, 2, 3, 2, '2022-05-19 19:30:00', '2022-05-19 20:15:00', 4, 1, 4, 'Lezzetli bir seçim!', 'Tamamlandý', 43.00),

(11, 3, 1, 3, '2022-01-10 20:00:00', '2022-01-10 20:45:00', 4, 4, 4, 'Tadý güzeldi ancak fiyat biraz yüksek.', 'Tamamlandý', 45.00),
(15, 3, 2, 3, '2022-02-05 19:15:00', '2022-02-05 20:00:00', 3, 3, 3, 'Sipariþ gecikti ve soðuk geldi.', 'Tamamlandý', 50.00),
(18, 4, 2, 4, '2022-03-20 17:45:00', '2022-03-20 18:30:00', 2, 2, 3, 'Beklentilerin altýnda.', 'Ýptal Edildi', 0.00),
(13, 1, 3, 1, '2022-04-15 14:30:00', '2022-04-15 15:00:00', 2, 3, 2, 'Kötü deneyim.', 'Ýptal Edildi', 0.00),
(17, 1, 1, 1, '2022-05-01 12:45:00', '2022-05-01 13:15:00', 4, 4, 4, 'Fiyat performans dengesi iyi.', 'Tamamlandý', 55.00),
(16, 2, 3, 2, '2022-06-25 16:00:00', '2022-06-25 16:45:00', 5, 4, 5, 'Süper lezzetli!', 'Tamamlandý', 40.00),
(12, 2, 2, 2, '2022-07-10 19:30:00', '2022-07-10 20:15:00', 5, 5, 5, 'Mükemmel hizmet!', 'Tamamlandý', 60.00),
(14, 4, 1, 4, '2022-08-15 17:30:00', '2022-08-15 18:15:00', 4, 5, 4, 'Çok lezzetliydi!', 'Tamamlandý', 35.00),
(19, 3, 1, 3, '2022-09-20 21:30:00', '2022-09-20 22:15:00', 4, 5, 4, 'Mükemmel servis!', 'Tamamlandý', 48.00),
(20, 2, 2, 2, '2022-10-05 18:15:00', '2022-10-05 19:00:00', 3, 3, 3, 'Sipariþte eksik vardý.', 'Tamamlandý', 30.00),
(21, 1, 3, 1, '2022-11-15 15:45:00', '2022-11-15 16:15:00', 2, 3, 2, 'Kötü deneyim.', 'Ýptal Edildi', 0.00),
(10, 4, 2, 4, '2023-05-19 16:45:00', '2023-05-19 17:30:00', 3, 3, 2, 'Lezzetsiz ve geç teslimat.', 'Ýptal Edildi', 0.00),
(11, 3, 1, 3, '2023-05-19 20:00:00', '2023-05-19 20:45:00', 4, 4, 4, 'Tadý güzeldi ancak fiyat biraz yüksek.', 'Tamamlandý', 45.00),
(12, 2, 2, 2, '2023-05-19 19:30:00', '2023-05-19 20:15:00', 5, 5, 5, 'Mükemmel hizmet!', 'Tamamlandý', 60.00),
(13, 1, 3, 1, '2023-05-19 14:30:00', '2023-05-19 15:00:00', 2, 3, 2, 'Kötü deneyim.', 'Ýptal Edildi', 0.00),
(14, 4, 1, 4, '2023-05-19 17:30:00', '2023-05-19 18:15:00', 4, 5, 4, 'Çok lezzetliydi!', 'Tamamlandý', 35.00),
(15, 3, 2, 3, '2023-05-19 19:15:00', '2023-05-19 20:00:00', 3, 3, 3, 'Sipariþ gecikti ve soðuk geldi.', 'Tamamlandý', 50.00),
(16, 2, 3, 2, '2023-05-19 16:00:00', '2023-05-19 16:45:00', 5, 4, 5, 'Süper lezzetli!', 'Tamamlandý', 40.00),
(17, 1, 1, 1, '2023-05-19 12:45:00', '2023-05-19 13:15:00', 4, 4, 4, 'Fiyat performans dengesi iyi.', 'Tamamlandý', 55.00),
(18, 4, 2, 4, '2023-05-19 17:45:00', '2023-05-19 18:30:00', 2, 2, 3, 'Beklentilerin altýnda.', 'Ýptal Edildi', 0.00),
(19, 3, 1, 3, '2023-05-19 21:30:00', '2023-05-19 22:15:00', 4, 5, 4, 'Mükemmel servis!', 'Tamamlandý', 48.00),
(15, 3, 2, 3, '2022-02-05 19:15:00', '2022-02-05 20:00:00', 3, 1, 3, 'Sipariþ gecikti ve soðuk geldi.', 'Tamamlandý', 50.00),
(16, 2, 3, 2, '2022-06-25 16:00:00', '2022-06-25 16:45:00', 5, 1, 5, 'Süper lezzetli!', 'Tamamlandý', 40.00),
(12, 2, 2, 2, '2022-07-10 19:30:00', '2022-07-10 20:15:00', 5, 1, 5, 'Mükemmel hizmet!', 'Tamamlandý', 60.00),
(18, 4, 2, 4, '2022-03-20 17:45:00', '2022-03-20 18:30:00', 2, 1, 3, 'Beklentilerin altýnda.', 'Ýptal Edildi', 0.00),
(20, 2, 2, 2, '2022-10-05 18:15:00', '2022-10-05 19:00:00', 3, 1, 3, 'Sipariþte eksik vardý.', 'Tamamlandý', 30.00),
(13, 1, 3, 1, '2022-04-15 14:30:00', '2022-04-15 15:00:00', 2, 1, 2, 'Kötü deneyim.', 'Ýptal Edildi', 0.00),
(21, 1, 3, 1, '2022-11-15 15:45:00', '2022-11-15 16:15:00', 2, 1, 2, 'Kötü deneyim.', 'Ýptal Edildi', 0.00),
(19, 3, 1, 3, '2022-09-20 21:30:00', '2022-09-20 22:15:00', 4, 1, 4, 'Mükemmel servis!', 'Tamamlandý', 48.00),
(14, 4, 1, 4, '2022-08-15 17:30:00', '2022-08-15 18:15:00', 4, 1, 4, 'Çok lezzetliydi!', 'Tamamlandý', 35.00),
(17, 3, 2, 3, '2022-12-10 13:45:00', '2022-12-10 14:30:00', 5, 1, 5, 'Harika bir deneyimdi.', 'Tamamlandý', 55.00),

(1, 1, 1, 1, '2023-05-19 12:30:00', '2023-05-19 13:15:00', 4, 5, 2, 'Harika bir deneyim!', 'Tamamlandý', 50.00),
(2, 2, 2, 2, '2023-05-19 19:45:00', '2023-05-19 20:30:00', 3, 3, 1, 'Sipariþ biraz gecikti.', 'Tamamlandý', 65.00),
(3, 1, 1, 1, '2023-05-19 13:00:00', '2023-05-19 13:30:00', 5, 4, 2, 'Çok lezzetliydi!', 'Tamamlandý', 45.00),
(4, 3, 3, 3, '2023-05-19 21:00:00', '2023-05-19 21:45:00', 2, 3, 1, 'Servis biraz yavaþtý.', 'Tamamlandý', 55.00),
(5, 2, 1, 2, '2023-05-19 18:30:00', '2023-05-19 19:15:00', 4, 5, 2, 'Her zamanki gibi harika!', 'Tamamlandý', 70.00),
(6, 4, 2, 4, '2023-05-19 15:45:00', '2023-05-19 16:30:00', 5, 5, 1, 'Hýzlý teslimat, teþekkürler!', 'Tamamlandý', 40.00),
(7, 3, 1, 3, '2023-05-19 21:30:00', '2023-05-19 22:15:00', 3, 4, 2, 'Biraz daha sýcak olabilirdi.', 'Tamamlandý', 60.00),
(8, 2, 2, 2, '2023-05-19 17:15:00', '2023-05-19 18:00:00', 4, 4, 1, 'Fiyat performans dengesi iyi.', 'Tamamlandý', 55.00),
(9, 1, 3, 1, '2023-05-19 13:30:00', '2023-05-19 14:00:00', 5, 5, 2, 'Mükemmel servis!', 'Tamamlandý', 48.00),
(10, 4, 1, 4, '2023-05-19 16:00:00', '2023-05-19 16:45:00', 4, 3, 1, 'Lezzetliydi, teþekkürler.', 'Tamamlandý', 42.00),
(11, 3, 2, 3, '2023-05-19 22:30:00', '2023-05-19 23:15:00', 3, 3, 2, 'Sýradan bir deneyim.', 'Tamamlandý', 38.00),
(12, 2, 3, 2, '2023-05-19 18:00:00', '2023-05-19 18:45:00', 4, 5, 1, 'Her þey harikaydý!', 'Tamamlandý', 65.00),
(13, 1, 1, 1, '2023-05-19 14:00:00', '2023-05-19 14:30:00', 5, 5, 2, 'Muhteþem lezzet!', 'Tamamlandý', 55.00),
(14, 4, 2, 4, '2023-05-19 17:45:00', '2023-05-19 18:30:00', 3, 4, 1, 'Biraz daha hýzlý olabilirdi.', 'Tamamlandý', 47.00),
(15, 3, 1, 3, '2023-05-19 23:30:00', '2023-05-20 00:15:00', 4, 4, 2, 'Güzel bir deneyimdi.', 'Tamamlandý', 52.00),
(16, 2, 2, 2, '2023-05-19 19:00:00', '2023-05-19 19:45:00', 5, 5, 1, 'Harika hizmet!', 'Tamamlandý', 60.00),
(17, 1, 3, 1, '2023-05-19 14:30:00', '2023-05-19 15:00:00', 3, 3, 2, 'Ortalama bir deneyim.', 'Tamamlandý', 35.00),
(18, 4, 1, 4, '2023-05-19 17:00:00', '2023-05-19 17:45:00', 4, 5, 1, 'Tadý çok güzeldi!', 'Tamamlandý', 49.00),
(19, 3, 2, 3, '2023-05-19 23:00:00', '2023-05-19 23:45:00', 5, 4, 2, 'Servis mükemmeldi!', 'Tamamlandý', 70.00),
(20, 2, 3, 2, '2023-05-19 19:30:00', '2023-05-19 20:15:00', 4, 3, 1, 'Lezzetli bir seçim!', 'Tamamlandý', 43.00),
(1, 1, 1, 1, '2022-05-19 12:30:00', '2022-05-19 13:15:00', 4, 1, 2, 'Harika bir deneyim!', 'Tamamlandý', 50.00),
(2, 2, 2, 2, '2022-05-19 19:45:00', '2022-05-19 20:30:00', 3, 1, 1, 'Sipariþ biraz gecikti.', 'Tamamlandý', 65.00),
(3, 1, 1, 1, '2022-05-19 13:00:00', '2022-05-19 13:30:00', 5, 2, 2, 'Çok lezzetliydi!', 'Tamamlandý', 45.00),
(4, 3, 3, 3, '2022-05-19 21:00:00', '2022-05-19 21:45:00', 2, 1, 1, 'Servis biraz yavaþtý.', 'Tamamlandý', 55.00),
(5, 2, 1, 2, '2022-05-19 18:30:00', '2022-05-19 19:15:00', 4, 2, 2, 'Her zamanki gibi harika!', 'Tamamlandý', 70.00),
(6, 4, 2, 4, '2022-05-19 15:45:00', '2022-05-19 16:30:00', 5, 2, 1, 'Hýzlý teslimat, teþekkürler!', 'Tamamlandý', 40.00),
(7, 3, 1, 3, '2022-05-19 21:30:00', '2022-05-19 22:15:00', 3, 2, 2, 'Biraz daha sýcak olabilirdi.', 'Tamamlandý', 60.00),
(8, 2, 2, 2, '2022-05-19 17:15:00', '2022-05-19 18:00:00', 4, 2, 1, 'Fiyat performans dengesi iyi.', 'Tamamlandý', 55.00),
(9, 1, 3, 1, '2022-05-19 13:30:00', '2022-05-19 14:00:00', 5, 2, 2, 'Mükemmel servis!', 'Tamamlandý', 48.00),
(10, 4, 1, 4, '2022-05-19 16:00:00', '2022-05-19 16:45:00', 4, 1, 1, 'Lezzetliydi, teþekkürler.', 'Tamamlandý', 42.00),
(11, 3, 2, 3, '2022-05-19 22:30:00', '2022-05-19 23:15:00', 3, 1, 1, 'Sýradan bir deneyim.', 'Tamamlandý', 38.00),
(12, 2, 3, 2, '2022-05-19 18:00:00', '2022-05-19 18:45:00', 4, 2, 2, 'Her þey harikaydý!', 'Tamamlandý', 65.00),
(13, 1, 1, 1, '2022-05-19 14:00:00', '2022-05-19 14:30:00', 5, 2, 1, 'Muhteþem lezzet!', 'Tamamlandý', 55.00),
(14, 4, 2, 4, '2022-05-19 17:45:00', '2022-05-19 18:30:00', 3, 2, 2, 'Biraz daha hýzlý olabilirdi.', 'Tamamlandý', 47.00),
(15, 3, 1, 3, '2022-05-19 23:30:00', '2022-05-20 00:15:00', 4, 2, 1, 'Güzel bir deneyimdi.', 'Tamamlandý', 52.00),
(16, 2, 2, 2, '2022-05-19 19:00:00', '2022-05-19 19:45:00', 5, 2, 2, 'Harika hizmet!', 'Tamamlandý', 60.00),
(17, 1, 3, 1, '2022-05-19 14:30:00', '2022-05-19 15:00:00', 3, 1, 1, 'Ortalama bir deneyim.', 'Tamamlandý', 35.00),
(18, 4, 1, 4, '2022-05-19 17:00:00', '2022-05-19 17:45:00', 4, 2, 2, 'Tadý çok güzeldi!', 'Tamamlandý', 49.00),
(19, 3, 2, 3, '2022-05-19 23:00:00', '2022-05-19 23:45:00', 5, 2, 1, 'Servis mükemmeldi!', 'Tamamlandý', 70.00),
(20, 2, 3, 2, '2022-05-19 19:30:00', '2022-05-19 20:15:00', 4, 1, 2, 'Lezzetli bir seçim!', 'Tamamlandý', 43.00),

(1, 1, 1, 1, '2023-05-19 12:30:00', '2023-05-19 13:15:00', NULL, NULL, NULL, 'Harika bir deneyim!', 'Hazýrlanýyor', 50.00),
(2, 2, 2, 2, '2023-05-19 19:45:00', '2023-05-19 20:30:00', NULL, NULL, NULL, 'Sipariþ biraz gecikti.', 'Yolda', 65.00),
(3, 1, 1, 1, '2023-05-19 13:00:00', '2023-05-19 13:30:00', NULL, NULL, NULL, 'Çok lezzetliydi!', 'Hazýrlanýyor', 45.00),
(4, 3, 3, 3, '2023-05-19 21:00:00', '2023-05-19 21:45:00', NULL, NULL, NULL, 'Servis biraz yavaþtý.', 'Hazýrlanýyor', 55.00),
(5, 2, 1, 2, '2023-05-19 18:30:00', '2023-05-19 19:15:00', NULL, NULL, NULL, 'Her zamanki gibi harika!', 'Hazýrlanýyor', 70.00),
(6, 4, 2, 4, '2023-05-19 15:45:00', '2023-05-19 16:30:00', NULL, NULL, NULL, 'Hýzlý teslimat, teþekkürler!', 'Yolda', 40.00),
(7, 3, 1, 3, '2023-05-19 21:30:00', '2023-05-19 22:15:00', NULL, NULL, NULL, 'Biraz daha sýcak olabilirdi.', 'Hazýrlanýyor', 60.00),
(8, 2, 2, 2, '2023-05-19 17:15:00', '2023-05-19 18:00:00', NULL, NULL, NULL, 'Fiyat performans dengesi iyi.', 'Hazýrlanýyor', 55.00),
(9, 1, 3, 1, '2023-05-19 13:30:00', '2023-05-19 14:00:00', NULL, NULL, NULL, 'Mükemmel servis!', 'Hazýrlanýyor', 48.00),
(10, 4, 1, 4, '2023-05-19 16:00:00', '2023-05-19 16:45:00',NULL, NULL, NULL, 'Lezzetliydi, teþekkürler.', 'Yolda', 42.00),
(11, 3, 2, 3, '2023-05-19 22:30:00', '2023-05-19 23:15:00', NULL, NULL, NULL, 'Sýradan bir deneyim.', 'Yolda', 38.00),
(12, 2, 3, 2, '2023-05-19 18:00:00', '2023-05-19 18:45:00', NULL, NULL, NULL, 'Her þey harikaydý!', 'Yolda', 65.00),
(13, 1, 1, 1, '2023-05-19 14:00:00', '2023-05-19 14:30:00',NULL, NULL, NULL, 'Muhteþem lezzet!', 'Yolda', 55.00),
(14, 4, 2, 4, '2023-05-19 17:45:00', '2023-05-19 18:30:00', NULL, NULL, NULL, 'Biraz daha hýzlý olabilirdi.', 'Yolda', 47.00),
(15, 3, 1, 3, '2023-05-19 23:30:00', '2023-05-20 00:15:00', NULL, NULL, NULL, 'Güzel bir deneyimdi.', 'Yolda', 52.00),
(16, 2, 2, 2, '2023-05-19 19:00:00', '2023-05-19 19:45:00', NULL, NULL, NULL, 'Harika hizmet!', 'Hazýrlanýyor', 60.00),
(17, 1, 3, 1, '2023-05-19 14:30:00', '2023-05-19 15:00:00', NULL, NULL, NULL, 'Ortalama bir deneyim.', 'Hazýrlanýyor', 35.00),
(18, 4, 1, 4, '2023-05-19 17:00:00', '2023-05-19 17:45:00',NULL, NULL, NULL, 'Tadý çok güzeldi!', 'Hazýrlanýyor', 49.00),
(19, 3, 2, 3, '2023-05-19 23:00:00', '2023-05-19 23:45:00', NULL, NULL, NULL, 'Servis mükemmeldi!', 'Hazýrlanýyor', 70.00),
(20, 2, 3, 2, '2023-05-19 19:30:00', '2023-05-19 20:15:00', NULL, NULL, NULL, 'Lezzetli bir seçim!', 'Hazýrlanýyor', 43.00),
(1, 1, 1, 1, '2022-05-19 12:30:00', '2022-05-19 13:15:00', NULL, NULL, NULL, 'Harika bir deneyim!', 'Hazýrlanýyor', 50.00),
(2, 2, 2, 2, '2022-05-19 19:45:00', '2022-05-19 20:30:00', NULL, NULL, NULL, 'Sipariþ biraz gecikti.', 'Hazýrlanýyor', 65.00),
(3, 1, 1, 1, '2022-05-19 13:00:00', '2022-05-19 13:30:00', NULL, NULL, NULL, 'Çok lezzetliydi!', 'Yolda', 45.00),
(4, 3, 3, 3, '2022-05-19 21:00:00', '2022-05-19 21:45:00', NULL, NULL, NULL, 'Servis biraz yavaþtý.', 'Yolda', 55.00),
(5, 2, 1, 2, '2022-05-19 18:30:00', '2022-05-19 19:15:00', NULL, NULL, NULL, 'Her zamanki gibi harika!', 'Yolda', 70.00),
(6, 4, 2, 4, '2022-05-19 15:45:00', '2022-05-19 16:30:00',NULL, NULL, NULL, 'Hýzlý teslimat, teþekkürler!', 'Yolda', 40.00),
(7, 3, 1, 3, '2022-05-19 21:30:00', '2022-05-19 22:15:00', NULL, NULL, NULL, 'Biraz daha sýcak olabilirdi.', 'Yolda', 60.00),
(8, 2, 2, 2, '2022-05-19 17:15:00', '2022-05-19 18:00:00', NULL, NULL, NULL, 'Fiyat performans dengesi iyi.', 'Yolda', 55.00),
(9, 1, 3, 1, '2022-05-19 13:30:00', '2022-05-19 14:00:00',NULL, NULL, NULL, 'Mükemmel servis!', 'Hazýrlanýyor', 48.00),
(10, 4, 1, 4, '2022-05-19 16:00:00', '2022-05-19 16:45:00',NULL, NULL, NULL, 'Lezzetliydi, teþekkürler.', 'Hazýrlanýyor', 42.00),
(11, 3, 2, 3, '2022-05-19 22:30:00', '2022-05-19 23:15:00', NULL, NULL, NULL, 'Sýradan bir deneyim.', 'Hazýrlanýyor', 38.00),
(12, 2, 3, 2, '2022-05-19 18:00:00', '2022-05-19 18:45:00', NULL, NULL, NULL, 'Her þey harikaydý!', 'Hazýrlanýyor', 65.00),
(13, 1, 1, 1, '2022-05-19 14:00:00', '2022-05-19 14:30:00', NULL, NULL, NULL, 'Muhteþem lezzet!', 'Yolda', 55.00),
(14, 4, 2, 4, '2022-05-19 17:45:00', '2022-05-19 18:30:00', NULL, NULL, NULL, 'Biraz daha hýzlý olabilirdi.', 'Yolda', 47.00),
(15, 3, 1, 3, '2022-05-19 23:30:00', '2022-05-20 00:15:00', NULL, NULL, NULL, 'Güzel bir deneyimdi.', 'Hazýrlanýyor', 52.00),
(16, 2, 2, 2, '2022-05-19 19:00:00', '2022-05-19 19:45:00', NULL, NULL, NULL, 'Harika hizmet!', 'Hazýrlanýyor', 60.00),
(17, 1, 3, 1, '2022-05-19 14:30:00', '2022-05-19 15:00:00', NULL, NULL, NULL, 'Ortalama bir deneyim.', 'Yolda', 35.00),
(18, 4, 1, 4, '2022-05-19 17:00:00', '2022-05-19 17:45:00', NULL, NULL, NULL, 'Tadý çok güzeldi!', 'Yolda', 49.00),
(19, 3, 2, 3, '2022-05-19 23:00:00', '2022-05-19 23:45:00',NULL, NULL, NULL, 'Servis mükemmeldi!', 'Yolda', 70.00),
(20, 2, 3, 2, '2022-05-19 19:30:00', '2022-05-19 20:15:00', NULL, NULL, NULL, 'Lezzetli bir seçim!', 'Yolda', 43.00);


-- Tbl_Siparis_Sepet Tablosu Örnek Giriþ
INSERT INTO Tbl_Siparis_Sepet (Siparis_ID, Menu_Urun_ID, Birim_Fiyati, Urun_Adet, Toplam_Ekstra_Ucret, SS_Not) VALUES
(1, 1, 10.00, 2, 5.00, 'Az acýlý istiyorum.'),
(1, 2, 12.00, 1, 3.50, NULL),
(1, 4, 8.00, 3, 0.00, NULL),
(2, 3, 15.00, 2, 2.00, 'Ekstra soðan istiyorum.'),
(2, 5, 20.00, 1, 5.00, NULL),
(3, 2, 12.00, 2, 3.50, 'Mayonezli olsun.'),
(4, 3, 15.00, 1, 2.00, NULL),
(4, 5, 20.00, 2, 5.00, 'Patates kýzartmasý yerine pilav olsun.'),
(5, 1, 10.00, 3, 5.00, 'Limonlu istiyorum.'),
(5, 4, 8.00, 1, 0.00, NULL),
(6, 2, 12.00, 1, 3.50, NULL),
(7, 3, 15.00, 2, 2.00, 'Sarýmsaklý olsun.'),
(8, 1, 10.00, 1, 5.00, NULL),
(8, 5, 20.00, 2, 5.00, 'Ekstra turþu istiyorum.'),
(9, 2, 12.00, 3, 3.50, 'Hardal soslu olsun.'),
(9, 4, 8.00, 2, 0.00, NULL),
(10, 3, 15.00, 1, 2.00, NULL),
(10, 5, 20.00, 3, 5.00, 'Patates kýzartmasý yerine pilav olsun.'),
(11, 1, 10.00, 2, 5.00, 'Acýlý olsun.'),
(12, 4, 8.00, 1, 0.00, NULL),
(13, 2, 12.00, 2, 3.50, 'Mayonezli olsun.'),
(13, 5, 20.00, 1, 5.00, 'Ekstra soðan istiyorum.'),
(14, 3, 15.00, 2, 2.00, NULL),
(15, 1, 10.00, 1, 5.00, NULL),
(15, 5, 20.00, 2, 5.00, 'Ekstra turþu istiyorum.'),
(16, 2, 12.00, 3, 3.50, NULL),
(16, 4, 8.00, 2, 0.00, 'Hardal soslu olsun.'),
(17, 3, 15.00, 1, 2.00, NULL),
(17, 5, 20.00, 3, 5.00, 'Patates kýzartmasý yerine pilav olsun.'),
(18, 1, 10.00, 2, 5.00, 'Limonlu istiyorum.'),
(19, 4, 8.00, 1, 0.00, NULL),
(20, 2, 12.00, 2, 3.50, 'Mayonezli olsun.'),
(20, 5, 20.00, 1, 5.00, NULL),
(21, 1, 10.00, 2, 5.00, 'Az acýlý istiyorum.'),
(22, 2, 12.00, 1, 3.50, NULL),
(23, 4, 8.00, 3, 0.00, NULL),
(24, 3, 15.00, 2, 2.00, 'Ekstra soðan istiyorum.'),
(25, 5, 20.00, 1, 5.00, NULL),
(26, 2, 12.00, 2, 3.50, 'Mayonezli olsun.'),
(27, 3, 15.00, 1, 2.00, NULL),
(28, 5, 20.00, 2, 5.00, 'Patates kýzartmasý yerine pilav olsun.'),
(29, 1, 10.00, 3, 5.00, 'Limonlu istiyorum.'),
(30, 4, 8.00, 1, 0.00, NULL),
(31, 2, 12.00, 1, 3.50, NULL),
(32, 3, 15.00, 2, 2.00, 'Sarýmsaklý olsun.'),
(33, 1, 10.00, 1, 5.00, NULL),
(34, 5, 20.00, 2, 5.00, 'Ekstra turþu istiyorum.'),
(35, 2, 12.00, 3, 3.50, 'Hardal soslu olsun.'),
(36, 4, 8.00, 2, 0.00, NULL),
(37, 3, 15.00, 1, 2.00, NULL),
(38, 5, 20.00, 3, 5.00, 'Patates kýzartmasý yerine pilav olsun.'),
(39, 1, 10.00, 2, 5.00, 'Acýlý olsun.'),
(40, 4, 8.00, 1, 0.00, NULL),
(41, 2, 12.00, 2, 3.50, 'Mayonezli olsun.'),
(42, 5, 20.00, 1, 5.00, 'Ekstra soðan istiyorum.'),
(43, 3, 15.00, 2, 2.00, NULL),
(44, 1, 10.00, 1, 5.00, NULL),
(45, 5, 20.00, 2, 5.00, 'Ekstra turþu istiyorum.'),
(46, 2, 12.00, 3, 3.50, NULL),
(47, 4, 8.00, 2, 0.00, 'Hardal soslu olsun.'),
(48, 3, 15.00, 1, 2.00, NULL),
(49, 5, 20.00, 3, 5.00, 'Patates kýzartmasý yerine pilav olsun.'),
(50, 1, 10.00, 2, 5.00, 'Limonlu istiyorum.'),
(51, 4, 8.00, 1, 0.00, NULL),
(52, 2, 12.00, 2, 3.50, 'Mayonezli olsun.'),
(53, 5, 20.00, 1, 5.00, NULL),
(54, 3, 15.00, 2, 2.00, NULL),
(55, 1, 10.00, 1, 5.00, NULL),
(56, 5, 20.00, 2, 5.00, 'Ekstra turþu istiyorum.'),
(57, 2, 12.00, 3, 3.50, 'Hardal soslu olsun.'),
(58, 4, 8.00, 2, 0.00, NULL),
(59, 3, 15.00, 1, 2.00, NULL),
(60, 5, 20.00, 3, 5.00, 'Patates kýzartmasý yerine pilav olsun.'),
(61, 1, 10.00, 2, 5.00, 'Acýlý olsun.'),
(62, 4, 8.00, 1, 0.00, NULL),
(63, 2, 12.00, 2, 3.50, 'Mayonezli olsun.'),
(64, 5, 20.00, 1, 5.00, 'Ekstra soðan istiyorum.'),
(65, 3, 15.00, 2, 2.00, NULL),
(66, 1, 10.00, 1, 5.00, NULL),
(67, 5, 20.00, 2, 5.00, 'Ekstra turþu istiyorum.'),
(68, 2, 12.00, 3, 3.50, NULL),
(69, 4, 8.00, 2, 0.00, 'Hardal soslu olsun.'),
(70, 3, 15.00, 1, 2.00, NULL),
(71, 5, 20.00, 3, 5.00, 'Patates kýzartmasý yerine pilav olsun.'),
(72, 1, 10.00, 2, 5.00, 'Limonlu istiyorum.'),
(73, 4, 8.00, 1, 0.00, NULL),
(74, 2, 12.00, 2, 3.50, 'Mayonezli olsun.'),
(75, 5, 20.00, 1, 5.00, NULL),
(76, 3, 15.00, 2, 2.00, NULL),
(77, 1, 10.00, 1, 5.00, NULL),
(78, 5, 20.00, 2, 5.00, 'Ekstra turþu istiyorum.'),
(79, 2, 12.00, 3, 3.50, NULL),
(80, 4, 8.00, 2, 0.00, 'Hardal soslu olsun.'),
(81, 3, 15.00, 1, 2.00, NULL),
(82, 5, 20.00, 3, 5.00, 'Patates kýzartmasý yerine pilav olsun.'),
(83, 1, 10.00, 2, 5.00, 'Limonlu istiyorum.'),
(84, 4, 8.00, 1, 0.00, NULL),
(85, 2, 12.00, 2, 3.50, 'Mayonezli olsun.'),
(86, 5, 20.00, 1, 5.00, NULL),
(87, 3, 15.00, 2, 2.00, NULL),
(88, 1, 10.00, 1, 5.00, NULL),
(89, 5, 20.00, 2, 5.00, 'Ekstra turþu istiyorum.'),
(90, 2, 12.00, 3, 3.50, NULL),
(91, 4, 8.00, 2, 0.00, 'Hardal soslu olsun.'),
(92, 3, 15.00, 1, 2.00, NULL),
(93, 5, 20.00, 3, 5.00, 'Patates kýzartmasý yerine pilav olsun.'),
(94, 1, 10.00, 2, 5.00, 'Acýlý olsun.'),
(95, 4, 8.00, 1, 0.00, NULL),
(96, 2, 12.00, 2, 3.50, 'Mayonezli olsun.'),
(97, 5, 20.00, 1, 5.00, 'Ekstra soðan istiyorum.'),
(98, 3, 15.00, 2, 2.00, NULL),
(99, 1, 10.00, 1, 5.00, NULL),
(100, 5, 20.00, 2, 5.00, 'Ekstra turþu istiyorum.'),
(101, 2, 12.00, 3, 3.50, NULL),
(102, 4, 8.00, 2, 0.00, 'Hardal soslu olsun.'),
(103, 3, 15.00, 1, 2.00, NULL),
(104, 5, 20.00, 3, 5.00, 'Patates kýzartmasý yerine pilav olsun.'),
(105, 1, 10.00, 2, 5.00, 'Limonlu istiyorum.'),
(106, 4, 8.00, 1, 0.00, NULL),
(107, 2, 12.00, 2, 3.50, 'Mayonezli olsun.'),
(108, 5, 20.00, 1, 5.00, NULL),
(109, 3, 15.00, 2, 2.00, NULL),
(110, 1, 10.00, 1, 5.00, NULL),
(111, 5, 20.00, 2, 5.00, 'Ekstra turþu istiyorum.'),
(112, 2, 12.00, 3, 3.50, NULL),
(113, 4, 8.00, 2, 0.00, 'Hardal soslu olsun.'),
(114, 3, 15.00, 1, 2.00, NULL),
(115, 5, 20.00, 3, 5.00, 'Patates kýzartmasý yerine pilav olsun.'),
(116, 1, 10.00, 2, 5.00, 'Acýlý olsun.'),
(117, 4, 8.00, 1, 0.00, NULL),
(118, 2, 12.00, 2, 3.50, 'Mayonezli olsun.'),
(119, 5, 20.00, 1, 5.00, 'Ekstra soðan istiyorum.'),
(120, 3, 15.00, 2, 2.00, NULL),
(121, 2, 12.00, 3, 3.50, NULL),
(122, 4, 8.00, 2, 0.00, 'Hardal soslu olsun.'),
(123, 3, 15.00, 1, 2.00, NULL),
(124, 5, 20.00, 3, 5.00, 'Patates kýzartmasý yerine pilav olsun.'),
(125, 1, 10.00, 2, 5.00, 'Limonlu istiyorum.'),
(126, 4, 8.00, 1, 0.00, NULL),
(127, 2, 12.00, 2, 3.50, 'Mayonezli olsun.'),
(128, 5, 20.00, 1, 5.00, NULL),
(129, 3, 15.00, 2, 2.00, NULL),
(130, 1, 10.00, 1, 5.00, NULL),
(131, 5, 20.00, 2, 5.00, 'Ekstra turþu istiyorum.'),
(132, 2, 12.00, 3, 3.50, NULL),
(133, 4, 8.00, 2, 0.00, 'Hardal soslu olsun.'),
(134, 3, 15.00, 1, 2.00, NULL),
(135, 5, 20.00, 3, 5.00, 'Patates kýzartmasý yerine pilav olsun.'),
(136, 1, 10.00, 2, 5.00, 'Acýlý olsun.'),
(137, 4, 8.00, 1, 0.00, NULL),
(138, 2, 12.00, 2, 3.50, 'Mayonezli olsun.'),
(139, 5, 20.00, 1, 5.00, 'Ekstra soðan istiyorum.'),
(140, 3, 15.00, 2, 2.00, NULL),
(141, 2, 12.00, 3, 3.50, NULL),
(142, 4, 8.00, 2, 0.00, 'Hardal soslu olsun.'),
(143, 3, 15.00, 1, 2.00, NULL),
(144, 5, 20.00, 3, 5.00, 'Patates kýzartmasý yerine pilav olsun.'),
(145, 1, 10.00, 2, 5.00, 'Limonlu istiyorum.'),
(146, 4, 8.00, 1, 0.00, NULL),
(147, 2, 12.00, 2, 3.50, 'Mayonezli olsun.'),
(148, 5, 20.00, 1, 5.00, NULL),
(149, 3, 15.00, 2, 2.00, NULL),
(150, 1, 10.00, 1, 5.00, NULL),
(151, 5, 20.00, 2, 5.00, 'Ekstra turþu istiyorum.'),
(152, 2, 12.00, 3, 3.50, NULL),
(153, 4, 8.00, 2, 0.00, 'Hardal soslu olsun.'),
(154, 3, 15.00, 1, 2.00, NULL),
(155, 5, 20.00, 3, 5.00, 'Patates kýzartmasý yerine pilav olsun.'),
(156, 1, 10.00, 2, 5.00, 'Acýlý olsun.'),
(157, 4, 8.00, 1, 0.00, NULL),
(158, 2, 12.00, 2, 3.50, 'Mayonezli olsun.'),
(159, 5, 20.00, 1, 5.00, 'Ekstra soðan istiyorum.'),
(160, 3, 15.00, 2, 2.00, NULL),
(161, 2, 12.00, 3, 3.50, NULL),
(162, 4, 8.00, 2, 0.00, 'Hardal soslu olsun.'),
(163, 3, 15.00, 1, 2.00, NULL),
(164, 5, 20.00, 3, 5.00, 'Patates kýzartmasý yerine pilav olsun.'),
(165, 1, 10.00, 2, 5.00, 'Limonlu istiyorum.'),
(166, 4, 8.00, 1, 0.00, NULL),
(167, 2, 12.00, 2, 3.50, 'Mayonezli olsun.'),
(168, 5, 20.00, 1, 5.00, NULL),
(169, 3, 15.00, 2, 2.00, NULL),
(170, 1, 10.00, 1, 5.00, NULL),
(171, 5, 20.00, 2, 5.00, 'Ekstra turþu istiyorum.'),
(172, 2, 12.00, 3, 3.50, NULL),
(173, 4, 8.00, 2, 0.00, 'Hardal soslu olsun.'),
(156, 2, 12.00, 3, 3.50, NULL),
(135, 4, 8.00, 2, 0.00, 'Hardal soslu olsun.'),
(136, 3, 15.00, 1, 2.00, NULL),
(137, 5, 20.00, 3, 5.00, 'Patates kýzartmasý yerine pilav olsun.'),
(138, 1, 10.00, 2, 5.00, 'Limonlu istiyorum.'),
(139, 4, 8.00, 1, 0.00, NULL),
(140, 2, 12.00, 2, 3.50, 'Mayonezli olsun.'),
(141, 5, 20.00, 1, 5.00, NULL),
(142, 3, 15.00, 2, 2.00, NULL),
(143, 1, 10.00, 1, 5.00, NULL),
(144, 5, 20.00, 2, 5.00, 'Ekstra turþu istiyorum.'),
(145, 2, 12.00, 3, 3.50, NULL),
(146, 4, 8.00, 2, 0.00, 'Hardal soslu olsun.'),
(147, 3, 15.00, 1, 2.00, NULL),
(148, 5, 20.00, 3, 5.00, 'Patates kýzartmasý yerine pilav olsun.'),
(149, 1, 10.00, 2, 5.00, 'Limonlu istiyorum.'),
(150, 4, 8.00, 1, 0.00, NULL),
(151, 2, 12.00, 2, 3.50, 'Mayonezli olsun.'),
(152, 5, 20.00, 1, 5.00, NULL),
(153, 3, 15.00, 2, 2.00, NULL),
(154, 1, 10.00, 1, 5.00, NULL),
(155, 5, 20.00, 2, 5.00, 'Ekstra turþu istiyorum.'),
(134, 2, 12.00, 3, 3.50, NULL),
(157, 4, 8.00, 2, 0.00, 'Hardal soslu olsun.');



-- Tbl_Urun_Ozellikleri_Kategorisi Tablosu Örnek Giriþ
INSERT INTO Tbl_Urun_Ozellikleri_Kategorisi ( Urun_Ozellik_Kategori_Adi) VALUES
('Lezzet'),
( 'Boyut'),
( 'Ekstra');


INSERT INTO Tbl_Urun_Ozellikleri (Urun_Ozellik_Adi, Urun_Ozellik_Kategori_ID) VALUES
( 'Acýlý', 1),
( 'Mayonezli', 1),
( 'Sarýmsaklý', 1),
('Limonlu', 1),
( 'Büyük', 2),
( 'Küçük', 2),
( 'Ekstra soðan', 3),
('Patates kýzartmasý yerine pilav', 3),
( 'Ekstra turþu', 3),
( 'Hardal soslu', 3);

INSERT INTO Tbl_Sepet_Urun_Ozellikleri (Siparis_Sepet_ID, Urun_Ozellik_ID, S_U_Ekstra_Ucret) VALUES
(1, 1, 2.5),
(1, 7, 1.0),
(2, 2, 0.5),
(2, 4, 0.75),
(3, 3, 1.0),
(4, 5, 2.0),
(4, 9, 1.5),
(5, 1, 2.5),
(5, 6, 0.5),
(6, 2, 0.5),
(7, 3, 1.0),
(8, 7, 1.0),
(8, 8, 1.0),
(9, 4, 0.75),
(9, 10, 1.5),
(10, 3, 1.0),
(10, 8, 1.0),
(11, 1, 2.5),
(12, 9, 1.5),
(13, 2, 0.5),
(13, 7, 1.0),
(14, 3, 1.0),
(15, 1, 2.5),
(15, 9, 1.5),
(16, 2, 0.5),
(16, 10, 1.5),
(17, 3, 1.0),
(17, 8, 1.0),
(18, 1, 2.5),
(19, 9, 1.5),
(20, 2, 0.5),
(20, 5, 2.0);


-- Tbl_Menu_Urun_Ozellikleri Tablosu Örnek Giriþ
INSERT INTO Tbl_Menu_Urun_Ozellikleri (Menu_Urun_ID, Urun_Ozellik_ID, Ekstra_Ucret) VALUES
(1, 1, 5.99),
(1, 7, 2.99),
(2, 2, 3.99),
(2, 4, 1.99),
(3, 3, 4.99),
(4, 5, 0.99),
(4, 9, 3.49),
(5, 1, 5.99),
(5, 6, 2.49),
(6, 2, 3.99),
(7, 3, 4.99),
(8, 7, 2.99),
(8, 8, 2.99),
(9, 4, 1.99),
(9, 10, 5.49),
(10, 3, 4.99),
(10, 8, 2.99),
(11, 1, 5.99),
(12, 9, 3.49),
(13, 2, 3.99),
(13, 7, 2.99),
(14, 3, 4.99),
(15, 1, 5.99),
(15, 9, 3.49),
(16, 2, 3.99),
(16, 10, 5.49),
(17, 3, 4.99),
(17, 8, 2.99),
(18, 1, 5.99),
(19, 9, 3.49),
(20, 2, 3.99),
(20, 5, 0.99);



INSERT INTO Tbl_Restoran_Odeme_Tipleri ( Restoran_ID, Odeme_Tip_ID) VALUES
(1,1),
(1,2),
(1,4),
(2,1),
(2,2),
(2,5),
(3,1),
(3,2),
(3,3),
(4,1),
(4,2),
(4,3),
(4,4),
(4,5);


INSERT INTO Tbl_Teslimat_Tipleri ( Teslimat_Tipi_Adi) VALUES
('Gel Al'),
('Kurye'),
('Restoran Kuryesi');


INSERT INTO Tbl_Restoran_Teslimat_Tipleri (Restoran_ID, Teslimat_Tip_ID) VALUES
(1, 1),
(1, 3),
(2, 1),
(2, 2),
(2, 3),
(3, 2),
(3, 3),
(4, 1),
(4, 2);


INSERT INTO Tbl_Calisma_Zamani (Acilis_Saati, Kapanis_Saati) VALUES
('09:00', '18:00'),
('10:00', '20:00'),
('08:30', '17:30'),
('11:00', '22:00');


INSERT INTO Tbl_Restoran_Calisma (Restoran_ID, Calisma_ID) VALUES
(1, 1),
(2, 2),
(3, 3),
(4, 4);


INSERT INTO Tbl_Sepet_Menu_Icerik (Siparis_Sepet_ID, Menu_Icerik_ID) VALUES
(1, 1),
(1, 2),
(2, 3),
(2, 4),
(3, 2),
(3, 5),
(4, 1),
(4, 6),
(5, 3),
(5, 7),
(6, 4),
(6, 8),
(7, 2),
(7, 9),
(8, 1),
(8, 10),
(9, 3),
(9, 6),
(10, 4),
(10, 7);


INSERT INTO Tbl_Mutfak_Kategori (Mutfak_Kat_Adi) VALUES
('Akdeniz'),
('Uzak Doðu'),
('Balýk ve Deniz Ürünleri'),
('Pizza'),
('Tatlý'),
('Kebap'),
('Burger'),
('Çið Köfte'),
('Kahve'),
('Pide & Lahmacun'),
('Tost & Sandviç'),
('Döner'),
('Ev Yemekleri'),
('Kahvaltý & Börek');

INSERT INTO Tbl_Restoran_Mutfak_Kategorisi (Restoran_ID,Mutfak_Kat_ID) VALUES
(1,2),
(2,2),
(3,1),
(4,1);
